RELEVE_NR,ForestType,ForestTypeName,Biomass,pH_KCl,Canopy_E3,Radiation,Heat,TWI,Longitude,Latitude,deg_lon,deg_lat
1,2,oak hornbeam forest,12.8,5.28,80,0.8812606,0.857485817,3.353962045,164038.6,491312.1,16.6773889,49.2200278
2,1,oak forest,9.9,3.24,80,0.932882515,0.813841492,2.419176751,163420,492015.3,16.5722222,49.3375833
3,1,oak forest,15.2,4.01,80,0.916133949,0.850296744,2.15958042,163345.8,492128.9,16.5627222,49.3580278
4,1,oak forest,16,3.765,75,0.930467546,0.947723681,1.651169536,162913.4,492126.4,16.4870556,49.3573333
5,1,oak forest,20.7,3.4975,70,0.869095695,0.869095695,4.741779788,162137.8,490210.2,16.3605,49.0361667
6,1,oak forest,46.4,3.8,65,0.917782632,0.88336322,2.42907987,162128.3,490203.1,16.3578611,49.0341944
7,1,oak forest,49.2,3.475,65,0.829436946,0.803385334,2.946460695,162117.2,490158.5,16.3547778,49.0329167
8,2,oak hornbeam forest,48.7,3.675,85,0.869095695,0.869095695,5.147244896,162348.7,490253.3,16.3968611,49.0481389
9,2,oak hornbeam forest,13.8,4.235,80,0.614120674,0.422568157,2.886564905,161734.7,490729.5,16.2929722,49.1248611
10,1,oak forest,79.1,4.005,70,0.905293372,0.930247738,2.15958042,161622.4,490742.4,16.2728889,49.1284444
11,1,oak forest,7.4,3.8325,85,0.751284011,0.580712135,1.283785311,161507,490813.6,16.2519444,49.1371111
14,2,oak hornbeam forest,14.2,4.0725,60,0.261086924,0.443362091,1.722723246,164020.3,491423.3,16.6723056,49.2398056
16,2,oak hornbeam forest,26.2,3.605,75,0.834268983,0.635066831,1.125481228,162206.9,492428.6,16.3685833,49.4079444
18,2,oak hornbeam forest,72.2,4.615,70,0.797143994,0.92369313,1.50288602,162349.6,492239.2,16.3971111,49.3775556
28,1,oak forest,29.7,3.555,70,0.869095695,0.869095695,4.741779788,155710.7,490123,15.9529722,49.0230556
29,2,oak hornbeam forest,37.9,3.61,85,0.869095695,0.869095695,4.741779788,155708,490115.2,15.9522222,49.0208889
31,1,oak forest,14.9,3.2025,75,0.87965753,0.87965753,4.741779788,155758.7,490038.7,15.9663056,49.01075
32,2,oak hornbeam forest,19.2,3.3475,70,0.87965753,0.87965753,5.65807052,160804.5,490849,16.1345833,49.1469444
36,2,oak hornbeam forest,3.3,3.3825,80,0.893936461,0.901674716,3.353962045,160656.2,490700.4,16.1156111,49.1167778
41,2,oak hornbeam forest,26.9,3.3425,65,0.884875156,0.841997537,2.790983342,162741.2,490820.5,16.4614444,49.1390278
42,1,oak forest,21.5,3.525,70,0.659021236,0.790820084,2.005448331,162758.2,490918.5,16.4661667,49.1551389
43,2,oak hornbeam forest,27.8,3.9,80,0.887896164,0.832857404,2.536392735,163057.8,491243.5,16.5160556,49.2120833
44,1,oak forest,34.1,3.4975,55,0.780876075,0.903017,2.567460268,163207.6,491108,16.5354444,49.1855556
47,1,oak forest,15.5,3.8675,80,0.948883552,0.921574594,2.1098462,163137.4,491110.2,16.5270556,49.1861667
81,1,oak forest,20.6,4.54,40,0.959841717,0.887851986,4.095691787,161416.9,490601.1,16.2380278,49.1003056
82,1,oak forest,33.9,3.57,75,0.760302553,0.574805274,1.608625972,161435.9,490548.5,16.2433056,49.0968056
83,2,oak hornbeam forest,22.1,3.6225,85,0.814995168,0.942685163,13.17089315,161004.9,490957.4,16.1680278,49.1659444
86,2,oak hornbeam forest,46.9,3.7375,80,0.932398598,0.884446413,2.775808166,161357.9,490910,16.23275,49.1527778
87,2,oak hornbeam forest,42.9,4.1525,65,0.902328629,0.957489913,1.550615705,161419,490930.7,16.2386111,49.1585278
89,2,oak hornbeam forest,5.1,3.8225,75,0.902758678,0.955643588,1.599983223,161227.8,490606.8,16.2077222,49.1018889
98,2,oak hornbeam forest,27.4,4.4125,75,0.847117154,0.805580978,2.790983342,162844.4,491153.9,16.479,49.1983056
99,2,oak hornbeam forest,64.8,3.7925,65,0.867961509,0.896391855,2.946460695,162623.8,491038.9,16.4399444,49.1774722
100,1,oak forest,13.5,3.5475,60,0.964221914,0.881241607,1.013275355,162625.3,491019.8,16.4403611,49.1721667
101,4,alluvial forest,91.1,6.6675,50,0.894362319,0.899395574,4.045072984,163148.7,491455.5,16.5301944,49.24875
102,2,oak hornbeam forest,57.4,4.395,70,0.715454757,0.760043092,5.932341359,162727.4,491546.3,16.4576111,49.2628611
103,4,alluvial forest,113.6,7.125,50,0.869095695,0.869095695,11.09179252,164001,490726,16.6669444,49.1238889
104,4,alluvial forest,187.7,7.1425,60,0.869095695,0.869095695,9.959429252,163633.7,491421.4,16.6093611,49.2392778
105,3,ravine forest,65.5,6.78,70,0.754485952,0.862241214,7.431695556,161935.1,490338.7,16.3264167,49.06075
106,3,ravine forest,33.6,3.7025,85,0.885853453,0.878464949,15.49542496,161005.2,490920.9,16.1681111,49.1558056
107,2,oak hornbeam forest,39.1,4.2175,85,0.863610334,0.851715697,15.89381827,161006.6,490958.1,16.1685,49.1661389
108,3,ravine forest,82.3,4.1725,80,0.665650568,0.455817457,12.78614483,161005.5,490957.9,16.1681944,49.1660833
109,2,oak hornbeam forest,60.7,4.77,70,0.593319043,0.712360065,2.601498308,155951.2,490151,15.9975556,49.0308333
110,4,alluvial forest,126.1,5.815,55,0.878178231,0.879858711,14.96401648,155825,490219.6,15.9736111,49.0387778
111,4,alluvial forest,84.8,7.01,50,0.869095695,0.869095695,5.65807052,164316.7,491358.8,16.7213056,49.233
112,2,oak hornbeam forest,58.4,5.76,80,0.830152823,0.940779757,10.70977043,164257.6,491332.1,16.716,49.2255833
113,4,alluvial forest,74.5,6.6075,60,0.891108437,0.8812606,7.623659494,164308.1,491314.6,16.7189167,49.2207222
114,3,ravine forest,71.5,6.9325,75,0.539253177,0.754236091,10.21805027,164301.1,491339.9,16.7169722,49.22775
115,3,ravine forest,54.6,6.0325,60,0.52496242,0.641968742,1.325403072,161416.5,490830.6,16.2379167,49.1418333
116,3,ravine forest,64.5,5,70,0.680568419,0.800902289,3.901605669,161410.1,490818.4,16.2361389,49.1384444
117,2,oak hornbeam forest,54.7,4.855,60,0.622800201,0.478669238,1.163989996,162208.4,492448.5,16.369,49.4134722
118,2,oak hornbeam forest,66.2,5.3175,50,0.874340866,0.687897942,1.163989996,162215.7,492538.1,16.3710278,49.42725
119,2,oak hornbeam forest,36.6,6.63,60,0.614078492,0.505201767,1.283785311,164316.3,491356.5,16.7211944,49.2323611
120,2,oak hornbeam forest,98.5,6.4175,65,0.869095695,0.869095695,8.827756101,164305.7,491417.1,16.71825,49.2380833
121,2,oak hornbeam forest,84.7,5.765,60,0.87909802,0.890980493,3.353962045,164427.6,491355.6,16.741,49.2321111
122,3,ravine forest,102.2,6.6825,60,0.52496242,0.532516916,8.741480845,164449.9,491431.2,16.7471944,49.242
123,3,ravine forest,53.6,6.91,80,0.528546321,0.505201767,1.283785311,164339.1,491729.1,16.7275278,49.2914167
124,2,oak hornbeam forest,102.3,4.89,60,0.792287344,0.923777774,1.456634457,164141.4,491821.2,16.6948333,49.3058889
125,4,alluvial forest,122.7,4.9925,65,0.869095695,0.869095695,8.683361596,162402.2,491600.7,16.4006111,49.2668611
126,2,oak hornbeam forest,72.9,4.88,80,0.787936737,0.581842999,2.003857889,162410.7,491609.6,16.4029722,49.2693333
128,4,alluvial forest,121.4,7.0275,80,0.438759441,0.327004891,1.239427244,164114.9,491827.8,16.6874722,49.3077222
129,3,ravine forest,100.1,5.7,60,0.869095695,0.869095695,14.25029697,164024.1,491825.5,16.6733611,49.3070833
130,4,alluvial forest,238,5.7425,70,0.698307011,0.552238979,2.018550253,164022.1,491830.1,16.6728056,49.3083611
131,3,ravine forest,162.9,5.215,55,0.869095695,0.869095695,9.686987277,164834.1,491454.3,16.8094722,49.2484167
132,4,alluvial forest,286.8,5.555,45,0.869095695,0.869095695,7.762204674,164745,491420.4,16.7958333,49.239
127,4,alluvial forest,176,5.5575,70,0.869095695,0.869095695,5.840392077,163500.9,491754.9,16.5835833,49.2985833
