RELEVE_NR,COUNTRY,REFERENCE,TABLE_NR,NR_IN_TAB,COVERSCALE,PROJECT,AUTHOR,DATE,SYNTAXON,SURF_AREA,UTM,ALTITUDE,EXPOSITION,INCLINATIO,COV_TOTAL,COV_TREES,COV_SHRUBS,COV_HERBS,COV_MOSSES,COV_LICHEN,COV_ALGAE,COV_LITTER,COV_WATER,COV_ROCK,TREE_HIGH,TREE_LOW,SHRUB_HIGH,SHRUB_LOW,HERB_HIGH,HERB_LOW,HERB_MAX,CRYPT_HIGH,MOSS_IDENT,LICH_IDENT,REMARKS,SYNOPTIC,NR_OF_REL,SYNTAXONEU,SBSREFCODE,LONGITUDE,LATITUDE,COORD_CODE,SYNTAX_OLD,LOCALITY,BIAS_MIN,BIAS_GPS,CEBA_GRID,FIELD_NR,HABITAT,GEOLOGY,SOIL,PH_H20,PH_KCL,SELECTION
1,CZ,,,,02,,0669,20070611,,100,,412,135,4,0,80,15,20,1,0,0,0,0,0,0,0,0,0,0,0,0,0,N,N,"snimkovali: David Zeleny, Irena Vesela, Milach Chytry a",,0,,0,164038.6,491312.1,01,,"Brno, Maloměřice, Hády; 1,7 km od středu městské části",0,7,,Jan-07,,,,6.1,5.28,1
2,CZ,,,,02,,0832,20070702,,100,,458,150,24,0,80,0,25,10,0,0,0,0,0,0,0,0,0,0,0,0,0,N,N,"snimkovali Irena Vesela + David Zeleny
Hieracium sabaud",,0,,0,163420,492015.3,01,,"Svinošice (Brno, Kuřim); 450 m SZ od středu obce",0,5,,Feb-07,,,,4.22,3.24,1
3,CZ,,,,02,,0832,20070702,,100,,414,150,13,0,80,0,25,8,0,0,0,0,3,0,0,0,0,0,0,0,0,N,N,snimkovali Irena Vesela + David Zeleny,,0,,0,163345.8,492128.9,01,,"Lažany (Brno, Kuřim); 1 km VSV od středu obce",0,6,,Mar-07,,,,4.75,4.01,1
4,CZ,,,,02,,0832,20070702,,100,,379,210,21,0,75,0,30,10,0,0,0,0,10,0,0,0,0,0,0,0,0,N,N,"snimkovali Irena Vesela + David Zeleny
Hieracium sabaud",,0,,0,162913.4,492126.4,01,,Všechovice (Tišnov); 500 m Z od středu obce,0,10,,Apr-07,,,,4.63,3.77,1
5,CZ,,,,02,,0832,20070703,,100,,374,,,0,70,0,35,8,0,0,0,0,0,0,0,0,0,0,0,0,0,N,N,snimkovali Irena Vesela + David Zeleny,,0,,0,162137.8,490210.2,01,,"Vedrovice (Moravský Krumlov), Krumlovský les; 2,2 km SZ od středu obce",0,6,,May-07,,,,4.36,3.5,1
6,CZ,,,,02,,0832,20070703,,100,,380,170,10,0,65,1,60,3,0,0,0,0,0,0,0,0,0,0,0,0,0,N,N,snimkovali Irena Vesela + David Zeleny,,0,,0,162128.3,490203.1,01,,"Vedrovice (Moravský Krumlov), Krumlovský les; 2,1 km SZ od středu obce",0,5,,Jun-07,,,,4.62,3.8,1
7,CZ,,,,02,,0832,20070703,,100,,373,65,6,0,65,0,70,5,0,0,0,0,0,0,0,0,0,0,0,0,0,N,N,"snimkovali Irena Vesela + David Zeleny
Viola reichenbac",,0,,0,162117.2,490158.5,01,,"Vedrovice (Moravský Krumlov), Krumlovský les; 2,2 km SZ od středu obce",0,6,,Jul-07,,,,4.28,3.48,1
8,CZ,,,,02,,0832,20070703,,100,,390,,,0,85,0,70,5,0,0,0,0,0,0,0,0,0,0,0,0,0,N,N,"snimkovali Irena Vesela + David Zeleny
Viola reichenbac",,0,,0,162348.7,490253.3,01,,"Vedrovice (Moravský Krumlov), Krumlovský les; 3,3 km SSV od středu obce",0,14,,Aug-07,,,,4.48,3.68,1
9,CZ,,,,02,,0832,20070711,,100,,255,80,38,0,80,20,15,10,0,0,0,0,15,0,0,0,0,0,0,0,0,N,N,snimkovali Irena Vesela + David Zeleny,,0,,0,161734.7,490729.5,01,,"Čučice (Oslavany), Přírodní park Oslava; 1,7 km JV od středu obce",0,6,,Sep-07,,,,5.16,4.24,1
10,CZ,,,,02,,0832,20070711,,100,,340,220,13,0,70,0,75,3,0,0,0,0,1,0,0,0,0,0,0,0,0,N,N,"snimkovali Irena Vesela + David Zeleny
",,0,,0,161622.4,490742.4,01,,"Čučice (Oslavany), Přírodní park Oslava; 1 km JJZ od středu obce",0,4,,Oct-07,,,,4.92,4.01,1
11,CZ,,,,02,,0832,20070711,,100,,368,95,29,0,85,15,8,5,0,0,0,0,10,0,0,0,0,0,0,0,0,N,N,"snimkovali Irena Vesela + David Zeleny
",,0,,0,161507,490813.6,01,,"Senorady (Oslavany), Přírodní park Oslava; 1,2 km SSV od středu obce",0,5,,Nov-07,,,,4.52,3.83,1
14,CZ,,,,02,,0669,20070719,,100,,280,340,47,0,60,20,30,8,0,0,0,0,10,0,0,0,0,0,0,0,0,N,N,"snimkovali: David Zeleny + Ching Feng Li
",,0,,0,164020.3,491423.3,01,,Bílovice n. Svitavou; 800 m J od středu obce,0,11,,14/2007,,,,4.95,4.07,1
16,CZ,,,,02,,0669,20070720,,100,,392,120,33,0,75,0,60,20,0,0,0,0,20,0,0,0,0,0,0,0,0,N,N,"snimkovali: David Zeleny + Ching Feng Li 
",,0,,0,162206.9,492428.6,01,,"Borač (Tišnov), Přírodní park Svratecká vrchovina; 950 m SV od středu obce",0,9,,16/2007,,,,4.52,3.61,1
18,CZ,,,,02,,0669,20070720,,100,,340,260,24,0,70,0,85,3,0,0,0,0,5,0,0,0,0,0,0,0,0,N,N,snimkovali: David Zeleny + Ching Feng Li,,0,,0,162349.6,492239.2,01,,"Štěpánovice (Tišnov), Přírodní park Svratecká vrchovina; 850 m SV od středu obce",0,9,,18/2007,,,,5.24,4.62,1
28,CZ,,,,02,,0669,20070729,,100,,431,,,0,70,0,55,8,0,0,0,0,10,0,0,0,0,0,0,0,0,N,N,snimkovali: David Zeleny + Ching Feng Li,,0,,0,155710.7,490123,01,,"Rozkoš (Moravské Budějovice); 1,9 km ZJZ od středu obce",0,6,,28/2007,,,,4.44,3.56,1
29,CZ,,,,02,,0669,20070729,,100,,429,,,0,85,0,30,5,0,0,0,0,0,0,0,0,0,0,0,0,0,N,N,"snimkovali: David Zeleny + Ching Feng Li
",,0,,0,155708,490115.2,01,,Rozkoš (Moravské Budějovice); 2 km ZJZ od středu obce,0,6,,29/2007,,,,4.47,3.61,1
31,CZ,,,,02,,0669,20070729,,100,,411,,,0,75,15,25,5,0,0,0,0,0,0,0,0,0,0,0,0,0,N,N,"snimkovali: David Zeleny + Ching Feng Li
",,0,,0,155758.7,490038.7,01,,"Střelice (Moravské Budějovice), Přírodní park Jevišovka; 2,2 km SSZ od středu obce",0,0,,31/2007,,,,4,3.2,1
32,CZ,,,,02,,0669,20070801,,100,,449,,,0,70,0,55,10,0,0,0,0,0,0,0,0,0,0,0,0,0,N,N,"snimkovali: David Zeleny + Ching Feng Li
Viola reichenb",,0,,0,160804.5,490849,01,,Sedlecký dvůr (Třebíč); 500 m JZ od středu obce,0,6,,32/2007,,,,4.19,3.35,1
36,CZ,,,,02,,0669,20070801,,100,,444,220,4,0,80,0,7,1,0,0,0,0,0,0,0,0,0,0,0,0,0,N,N,snimkovali: David Zeleny + Ching Feng Li,,0,,0,160656.2,490700.4,01,,"Slavětice (Třebíč); 1,6 km SSV od středu obce",0,11,,36/2007,,,,4.22,3.38,1
41,CZ,,,,02,,0832,20070807,,100,,353,130,7,0,65,2,60,5,0,0,0,0,0,0,0,0,0,0,0,0,0,N,N,snimkovali Irena Vesela + David Zeleny,,0,,0,162741.2,490820.5,01,,"Radostice (Brno), Přírodní park Doubrava; 1,3 km ZSZ od středu obce",0,6,,41/2007,,,,4.32,3.34,1
42,CZ,,,,02,,0832,20070807,,100,,345,310,22,0,70,1,40,30,0,0,0,0,0,0,0,0,0,0,0,0,0,N,N,snimkovali Irena Vesela + David Zeleny,,0,,0,162758.2,490918.5,01,,"Střelice (Brno); 1,4 km  Z od části obce U nádraží",0,6,,42/2007,,,,4.43,3.53,1
43,CZ,,,,02,,0832,20070808,,100,,309,130,9,0,80,12,60,1,0,0,0,0,0,0,0,0,0,0,0,0,0,N,N,snimkovali Irena Vesela + David Zeleny,,0,,0,163057.8,491243.5,01,,"Brno, Žebětín; 1,7 km J od jižního konce Brněnské přehrady",0,5,,43/2007,,,,4.85,3.9,1
44,CZ,,,,02,,0832,20070808,,100,,359,270,21,0,55,0,45,5,0,0,0,0,3,0,0,0,0,0,0,0,0,N,N,snimkovali Irena Vesela + David Zeleny,,0,,0,163207.6,491108,01,,"Brno, Kohoutovice; 800 m J od kostela",0,11,,44/2007,,,,4.45,3.5,1
47,CZ,,,,02,,0832,20070808,,100,,340,190,20,0,80,0,25,1,0,0,0,0,0,0,0,0,0,0,0,0,0,N,N,snimkovali Irena Vesela + David Zeleny,,0,,0,163137.4,491110.2,01,,"Brno, Kohoutovice; 1 km JZ od kostela",0,4,,47/2007,,,,4.84,3.87,1
81,CZ,,,,02,,0669,20080729,,100,,283,175,25,0,40,0,30,20,0,0,0,0,40,0,0,0,0,0,0,0,0,N,N,snimkovali: David Zeleny + Ching Feng Li + Stepanka Kral,,0,,0,161416.9,490601.1,01,,"Lhánice, Přír. park Střední Pojihlaví; 1,3 km SZ od Templštejna",0,5,,81/2008,,,,0,0,1
82,CZ,,,,02,,0669,20080729,,100,,301,100,31,0,75,1,30,1,0,0,0,0,0,0,0,0,0,0,0,0,0,N,N,snimkovali: David Zeleny + Ching Feng Li + Stepanka Kral,,0,,0,161435.9,490548.5,01,,"Lhánice, Přír. park Střední Pojihlaví; 750 m  SZ od Templštejna",0,5,,82/2008,,,,0,0,1
83,CZ,,,,02,,0669,20080731,,100,,339,250,28,0,85,0,45,1,0,0,0,0,1,0,0,0,0,0,0,0,0,N,N,snimkovali: David Zeleny + Ching Feng Li,,0,,0,161004.9,490957.4,01,,"Březník; 2,2 km ZJZ od kostela",0,11,,83/2008,,,,0,0,1
86,CZ,,,,02,,0669,20080801,,100,,376,170,14,0,80,7,40,3,0,0,0,0,0,0,0,0,0,0,0,0,0,N,N,snimkovali: David Zeleny + Ching Feng Li + Milan Chytry,,0,,0,161357.9,490910,01,,"Kuroslepy; 1,6 km V od středu obce",0,7,,86/2008,,,,0,0,1
87,CZ,,,,02,,0669,20080801,,100,,408,225,23,0,65,10,65,5,0,0,0,0,2,0,0,0,0,0,0,0,0,N,N,snimkovali: David Zeleny + Ching Feng Li + Milan Chytry,,0,,0,161419,490930.7,01,,"Ketkovice; 1,7 km Z od středu obce",0,5,,87/2008,,,,0,0,1
89,CZ,,,,02,,0669,20080801,,100,,356,225,22,0,75,2,15,10,0,0,0,0,15,0,0,0,0,0,0,0,0,N,N,snimkovali: David Zeleny + Ching Feng Li + Milan Chytry,,0,,0,161227.8,490606.8,01,,"Mohelno; 1,7 km JV od kostela",0,6,,89/2008,,,,0,0,1
98,CZ,,,,02,,0669,20080807,,100,,388,90,7,0,75,3,40,2,0,0,0,0,0,0,0,0,0,0,0,0,0,N,N,"snimkovali: David Zeleny + Ching Feng Li 
Hieracium sab",,0,,0,162844.4,491153.9,01,,Brno-Žebětín; 1 km JJZ od kostela Sv. Bartoloměje,0,8,,98/2008,,,,0,0,1
99,CZ,,,,02,,0669,20080807,,100,,443,250,6,0,65,1,85,0,0,0,0,0,0,0,0,0,0,0,0,0,0,N,N,"snimkovali: David Zeleny + Ching Feng Li 
DOPSAT spravn",,0,,0,162623.8,491038.9,01,,"Omice;  1,2 km SZ od kostela",0,8,,99/2008,,,,0,0,1
100,CZ,,,,02,,0669,20080807,,100,,391,180,36,0,60,0,15,8,0,0,0,0,3,0,0,0,0,0,0,0,0,N,N,"snimkovali: David Zeleny + Ching Feng Li 
Hieracium sab",,0,,0,162625.3,491019.8,01,,Omice; 750 m ZSZ od kostela,0,6,,100/2008,,,,0,0,1
101,CZ,,,,02,,0832,20090625,,100,,287,210,6,0,50,5,90,5,0,0,0,0,0,0,0,0,0,0,0,0,0,N,N,"snimkovali: Irena Vesela, Marie Vymazalova
",,0,,0,163148.7,491455.5,01,,"Brno;  Mniší potok, 2 km SSV od hráze Brněnské přehrady",0,6,,Jan-09,,,,0,0,1
102,CZ,,,,02,,0832,20090625,,100,,254,350,13,0,70,5,65,0,0,0,0,0,0,0,0,0,0,0,0,0,0,N,N,"snimkovali: Irena Vesela, Marie Vymazalova
",,0,,0,162727.4,491546.3,01,,"Veverská Bítýška; nad levým břehem přehrady, 800 m SSZ od hradu Veveří",0,5,,Feb-09,,,,0,0,1
103,CZ,,,,02,,0832,20090626,,100,,212,0,0,0,50,0,80,0,0,0,0,0,0,0,0,0,0,0,0,0,0,N,N,"snimkovali: Irena Vesela, Marie Vymazalova
",,0,,0,164001,490726,01,,"Brno - Chrlice; Dvorský potok, asi 1,1 km JV od nádraží",0,5,,Mar-09,,,,0,0,1
104,CZ,,,,02,,0832,20090630,,100,,266,0,0,0,60,10,85,0,0,0,0,0,0,0,0,0,0,0,0,0,0,N,N,"snimkovali: Irena Vesela, Marie Vymazalova
",,0,,0,163633.7,491421.4,01,,"Brno - Sadová; Zaječí potok, asi 200 m S od Zaječí hory",0,6,,Apr-09,,,,0,0,1
105,CZ,,,,02,,0832,20090701,,100,,240,290,17,0,70,8,80,2,0,0,0,0,0,0,0,0,0,0,0,0,0,N,N,"snimkovali: Irena Vesela, Marie Vymazalova
",,0,,0,161935.1,490338.7,01,,Rokytná; 500 m JV od kostela,0,7,,May-09,,,,0,0,1
106,CZ,,,,02,,0832,20090702,,100,,330,180,3,0,85,0,75,0,0,0,0,0,0,0,0,0,0,0,0,0,0,N,N,"snimkovali: Irena Vesela, Marie Vymazalova
",,0,,0,161005.2,490920.9,01,,"Kladeruby nad Oslavou; levý břeh Oslavy, 400 m SV od zámku Vlčí kopec",0,6,,Jun-09,,,,0,0,1
107,CZ,,,,02,,0832,20090702,,100,,350,90,2,0,85,5,70,2,0,0,0,0,0,0,0,0,0,0,0,0,0,N,N,"snimkovali: Irena Vesela, Marie Vymazalova
",,0,,0,161006.6,490958.1,01,,"Březník; levý břeh Oslavy, 50 m SV od zříceniny Lamberk",0,9,,Jul-09,,,,0,0,1
108,CZ,,,,02,,0832,20090702,,100,,330,90,38,0,80,4,70,10,0,0,0,0,10,0,0,0,0,0,0,0,0,N,N,"snimkovali: Irena Vesela, Marie Vymazalova
",,0,,0,161005.5,490957.9,01,,"Březník; levý břeh Oslavy, 50 m S od zříceniny Lamberk",0,9,,Aug-09,,,,0,0,1
109,CZ,,,,02,,0832,20090707,,100,,395,330,24,0,70,1,50,15,0,0,0,0,30,0,0,0,0,0,0,0,0,N,N,"snimkovali: Irena Vesela, Marie Vymazalova
",,0,,0,155951.2,490151,01,,"Biskupice; pravý břeh Rokytné, 1,1 km JZ od kostela",0,6,,Sep-09,,,,0,0,1
110,CZ,,,,02,,0832,20090707,,100,,385,210,2,0,55,10,95,0,0,0,0,0,3,0,0,0,0,0,0,0,0,N,N,"snimkovali: Irena Vesela, Marie Vymazalova
",,0,,0,155825,490219.6,01,,"Pulkov; levý břeh Rokytné, 300 m ZSZ od Pulkovského mlýna",0,6,,Oct-09,,,,0,0,1
111,CZ,,,,02,,0832,20090713,,100,,310,0,0,0,50,0,85,0,0,0,0,0,0,0,0,0,0,0,0,0,0,N,N,"snimkovali: Irena Vesela, Marie Vymazalova
",,0,,0,164316.7,491358.8,01,,"Moravský kras; Údolí Říčky, 1,5 km SSV od Muchovy boudy",0,6,,Nov-09,,,,0,0,1
112,CZ,,,,02,,0832,20090713,,100,,310,250,24,0,80,5,60,0,0,0,0,0,0,0,0,0,0,0,0,0,0,N,N,"snimkovali: Irena Vesela, Marie Vymazalova
",,0,,0,164257.6,491332.1,01,,"Moravský kras; Údolí Říčky, 600 m S od Muchovy boudy",0,8,,Dec-09,,,,0,0,1
113,CZ,,,,02,,0832,20090713,,100,,220,180,4,0,60,30,70,30,0,0,0,0,0,0,0,0,0,0,0,0,0,N,N,"snimkovali: Irena Vesela, Marie Vymazalova",,0,,0,164308.1,491314.6,01,,"Moravský kras; Údolí Říčky, 100 m V od Muchovy boudy",0,6,,13/2009,,,,0,0,1
114,CZ,,,,02,,0832,20090713,,100,,245,300,36,0,75,50,50,0,0,0,0,0,70,0,0,0,0,0,0,0,0,N,N,"snimkovali: Irena Vesela, Marie Vymazalova",,0,,0,164301.1,491339.9,01,,"Moravský kras; Údolí Říčky, 800 m S od Muchovy boudy",0,7,,14/2009,,,,0,0,1
115,CZ,,,,02,,0832,20090714,,100,,295,340,28,0,60,15,70,0,0,0,0,0,60,0,0,0,0,0,0,0,0,N,N,"snimkovali: Irena Vesela, Marie Vymazalova
",,0,,0,161416.5,490830.6,01,,"Senorady; levý břeh Chvojnice, 800 m SSV od Senoradského mlýna",0,7,,15/2009,,,,0,0,1
116,CZ,,,,02,,0832,20090714,,100,,280,310,20,0,70,10,45,0,0,0,0,0,45,0,0,0,0,0,0,0,0,N,N,"snimkovali: Irena Vesela, Marie Vymazalova
",,0,,0,161410.1,490818.4,01,,"Senorady; levý břeh Chvojnice, 400 m SSV od Senoradského mlýna",0,9,,16/2009,,,,0,0,1
117,CZ,,,,02,,0832,20090715,,100,,330,70,32,0,60,10,55,0,0,0,0,0,0,0,0,0,0,0,0,0,0,N,N,"snimkovali: Irena Vesela, Marie Vymazalova
",,0,,0,162208.4,492448.5,01,,"Prudká; levý břeh Svratky, 600 m JJV od železniční zastávky",0,9,,17/2009,,,,0,0,1
118,CZ,,,,02,,0832,20090715,,100,,370,130,32,0,50,5,45,0,0,0,0,0,40,0,0,0,0,0,0,0,0,N,N,"snimkovali: Irena Vesela, Marie Vymazalova
",,0,,0,162215.7,492538.1,01,,"Prudká, 1 km SSV od železniční zastávky",0,9,,18/2009,,,,0,0,1
119,CZ,,,,02,,0832,20090716,,100,,320,60,29,0,60,10,50,5,0,0,0,0,30,0,0,0,0,0,0,0,0,N,N,"snimkovali: Irena Vesela, Marie Vymazalova
Hieracium cf",,0,,0,164316.3,491356.5,01,,"Moravský kras; Údolí Říčky, 1.4 km SSV od Muchovy boudy",0,5,,19/2009,,,,0,0,1
120,CZ,,,,02,,0832,20090716,,100,,370,0,,0,65,0,75,10,0,0,0,0,0,0,0,0,0,0,0,0,0,N,N,"snimkovali: Irena Vesela, Marie Vymazalova
",,0,,0,164305.7,491417.1,01,,"Moravský kras; Údolí Říčky, 1 km ZJZ od Horního mlýna",0,8,,20/2009,,,,0,0,1
121,CZ,,,,02,,0832,20090716,,100,,400,230,4,0,60,5,80,0,0,0,0,0,15,0,0,0,0,0,0,0,0,N,N,"snimkovali: Irena Vesela, Marie Vymazalova
",,0,,0,164427.6,491355.6,01,,"Moravský kras; Mokrá, asi 150 m S od Mokerské myslivny",0,5,,21/2009,,,,0,0,1
122,CZ,,,,02,,0832,20090716,,100,,370,20,28,0,60,15,60,0,0,0,0,0,60,0,0,0,0,0,0,0,0,N,N,"snimkovali: Irena Vesela, Marie Vymazalova
",,0,,0,164449.9,491431.2,01,,Moravský kras; 100 m S od jeskyně Švédův stůl,0,11,,22/2009,,,,0,0,1
123,CZ,,,,02,,0832,20090720,,100,,435,30,29,0,80,25,70,0,0,0,0,0,5,0,0,0,0,0,0,0,0,N,N,"snimkovali: Irena Vesela, Marie Vymazalova
",,0,,0,164339.1,491729.1,01,,"Moravský kras; Křtiny, 100 m SV od Drátenické jeskyně",0,7,,23/2009,,,,0,0,1
124,CZ,,,,02,,0832,20090720,,100,,385,260,25,0,60,1,75,3,0,0,0,0,0,0,0,0,0,0,0,0,0,N,N,"snimkovali: Irena Vesela, Marie Vymazalova
",,0,,0,164141.4,491821.2,01,,Moravský kras; 50 m J od Býčí skály,0,6,,24/2009,,,,0,0,1
125,CZ,,,,02,,0832,20090721,,100,,271,0,0,0,65,30,95,10,0,0,0,0,0,0,0,0,0,0,0,0,0,N,N,"snimkovali: Irena Vesela, Marie Vymazalova
",,0,,0,162402.2,491600.7,01,,"Lažánky; levý břeh Bílého potoka, 1.5 km JJV od kostela",0,6,,25/2009,,,,0,0,1
126,CZ,,,,02,,0832,20090721,,100,,273,110,34,0,80,0,65,5,0,0,0,0,3,0,0,0,0,0,0,0,0,N,N,"snimkovali: Irena Vesela, Marie Vymazalova
",,0,,0,162410.7,491609.6,01,,"Lažánky; levý břeh Bílého potoka, 1.4 km JJV od kostela",0,7,,26/2009,,,,0,0,1
127,CZ,,,,02,,0832,20090721,,100,,350,0,,0,70,20,0,0,0,0,0,0,0,0,0,0,0,0,0,0,0,N,N,"snimkovali: Irena Vesela, Marie Vymazalova 
",,0,,0,163500.9,491754.9,01,,Lelekovice; 900 m SSV od kostela,0,6,,27/2009,,,,0,0,1
128,CZ,,,,02,,0832,20090722,,100,,336,50,41,0,80,10,70,0,0,0,0,0,90,0,0,0,0,0,0,0,0,N,N,"snimkovali: Irena Vesela, Marie Vymazalova
",,0,,0,164114.9,491827.8,01,,"Moravský kras; levý břeh Křtinského potoka, 100 V od jeskyně Jáchymka",0,7,,28/2009,,,,0,0,1
129,CZ,,,,02,,0832,20090722,,100,,350,0,0,0,60,10,85,10,0,0,0,0,0,0,0,0,0,0,0,0,0,N,N,"snimkovali: Irena Vesela, Marie Vymazalova
",,0,,0,164024.1,491825.5,01,,"Moravský kras; Adamov, levý břeh Křtinského potoka, 1.5 km SV od nádraží",0,8,,29/2009,,,,0,0,1
130,CZ,,,,02,,0832,20090722,,100,,305,80,28,0,70,10,85,0,0,0,0,0,80,0,0,0,0,0,0,0,0,N,N,"snimkovali: Irena Vesela, Marie Vymazalova
",,0,,0,164022.1,491830.1,01,,"Moravský kras; Adamov, levý břeh Křtinského potoka, 1.6 km SSV od nádraží",0,6,,30/2009,,,,0,0,1
131,CZ,,,,02,,0832,20090731,,100,,472,0,0,0,55,1,95,30,0,0,0,0,0,0,0,0,0,0,0,0,0,N,N,"snimkovali: Irena Vesela, Marie Vymazalova",,0,,0,164834.1,491454.3,01,,"Hostěnice; Hostěnický potok, 2,8 km SV od kostela",0,6,,31/2009,,,,0,0,1
132,CZ,,,,02,,0832,20090731,,100,,417,0,0,0,45,8,90,20,0,0,0,0,0,0,0,0,0,0,0,0,0,N,N,"snimkovali: Irena Vesela, Marie Vymazalova",,0,,0,164745,491420.4,01,,"Hostěnice; Hostěnický potok, 1,5 km V od kostela",0,6,,32/2009,,,,0,0,1
